Купить,Нужно,Ед.,Размер упаковки,Закупочная ед.,Купить упаковок,Цена упаковки,Сумма,Комментарий
Игристое,0,0,0,0,0,0,0,0
Аперитивы,0,0,0,0,0,0,0,0
Содовая,0,0,0,0,0,0,0,0
Сироп мохито,0,0,0,0,0,0,0,0
Ром,0,0,0,0,0,0,0,0
Сок лимона,0,0,0,0,0,0,0,0
Мята,0,0,0,0,0,0,0,0
Джин,0,0,0,0,0,0,0,0
Красный базилик,0,0,0,0,0,0,0,0
Арбузный лимонад,0,0,0,0,0,0,0,0
Грушевая водка,0,0,0,0,0,0,0,0
Сухой вермут,0,0,0,0,0,0,0,0
Укроп,0,0,0,0,0,0,0,0
Сахарный сироп,0,0,0,0,0,0,0,0
Базилик,0,0,0,0,0,0,0,0
Трипл сек,0,0,0,0,0,0,0,0
Клюквенный морс,0,0,0,0,0,0,0,0
Джин эстрагоновый,0,0,0,0,0,0,0,0
Сладкий вермут,0,0,0,0,0,0,0,0
Маринованный виноград,0,0,0,0,0,0,0,0
Амаретто,0,0,0,0,0,0,0,0
Водка,0,0,0,0,0,0,0,0
Ванильная водка,0,0,0,0,0,0,0,0
Клубничный джин,0,0,0,0,0,0,0,0
Сок лайма,0,0,0,0,0,0,0,0
Медовый сироп,0,0,0,0,0,0,0,0
Каркаде,0,0,0,0,0,0,0,0
Вода,0,0,0,0,0,0,0,0
Клубника,0,0,0,0,0,0,0,0
Сахар,0,0,0,0,0,0,0,0
Киви,0,0,0,0,0,0,0,0
Улун,0,0,0,0,0,0,0,0
Малина,0,0,0,0,0,0,0,0
Корица,0,0,0,0,0,0,0,0
Раствор яблочной к-ты,0,0,0,0,0,0,0,0
Молочный улун,0,0,0,0,0,0,0,0
Дынный аром-р,0,0,0,0,0,0,0,0
Соль,0,0,0,0,0,0,0,0
Аскорбиновая к-та,0,0,0,0,0,0,0,0
Мёд,0,0,0,0,0,0,0,0
Маракуйя,0,0,0,0,0,0,0,0
Шисо листья,0,0,0,0,0,0,0,0
Красные апельсины,0,0,0,0,0,0,0,0
Лемонграсс,0,0,0,0,0,0,0,0
Севен Ап,0,0,0,0,0,0,0,0
Лимонная к-та,0,0,0,0,0,0,0,0
Пилы лайма,0,0,0,0,0,0,0,0
Пилы апельсина,0,0,0,0,0,0,0,0
Пилы грейпфрута,0,0,0,0,0,0,0,0
Клюквенный ликёр,0,0,0,0,0,0,0,0
Щавель,0,0,0,0,0,0,0,0
Молочная к-та,0,0,0,0,0,0,0,0
Яблочная к-та,0,0,0,0,0,0,0,0
Ваниль,0,0,0,0,0,0,0,0
Гвоздика,0,0,0,0,0,0,0,0
Розовый перец,0,0,0,0,0,0,0,0
Кизиловый концентрат,0,0,0,0,0,0,0,0
Банановое олео,0,0,0,0,0,0,0,0
Нектарины,0,0,0,0,0,0,0,0
Раствор молочной к-ты,0,0,0,0,0,0,0,0
Апельсиновая вода,0,0,0,0,0,0,0,0
Черёмуховая вода,0,0,0,0,0,0,0,0
Ром/водка,0,0,0,0,0,0,0,0
,,,,,,Итого закупка:,0
